Complexity,Loss,Equation
1,8.199235e10,"76809.94"
3,7.627201e10,"128228.08 - r"
5,3.2416561e10,"(m1 / r) * 0.005586177"
6,2.7528286e10,"(sqrt(m1) / r) * 4503.9146"
7,2.26532e10,"(m1 * 0.004781838) / (r - v2)"
8,1.9910429e10,"rho * (sqrt(m1) / (r - v2))"
9,1.4266171e10,"((rho * m1) / (r - 1086.5648)) * 8.310182e-7"
12,1.3374259e10,"((sqrt(m1) / (r + (v2 / -0.92718375))) - 16.562786) * rho"
13,1.1584682e10,"((m1 / (r - sqrt(sqrt(m2 / 0.18121149)))) * 8.0969085e-7) * rho"
