Complexity,Loss,Equation
1,2.0754364e10,"68425.195"
3,9.659273e9,"8428.204 / V"
5,1.3487461e9,"(n / V) * 2381.1914"
7,2.7034002e-5,"n * ((T / V) * 8.314)"
11,2.7030157e-5,"(((T + T) / V) * 4.157) * (n - 2.787873e-8)"
13,2.7029506e-5,"((-5.895956e-6 / T) + n) * (((T + T) / V) * 4.157)"
14,2.6554782e-5,"n * ((-0.45686325 / (T ^ exp(V))) + ((T / V) * 8.314))"
20,2.6507098e-5,"n * (((T + (T + (-0.16912676 * ((V / (T + T)) ^ exp(V))))) / V) * 4.157)"
