Complexity,Loss,Equation
1,1484.4503,"10.313531"
3,722.6897,"33.307858 / r"
5,616.3099,"v2 / (r / 0.65682054)"
6,486.03632,"(v2 / r) / exp(r)"
8,472.15375,"((v2 / r) + 17.635134) / exp(r)"
9,418.73282,"m * ((1630.6912 / r) * (q1 ^ 0.53807825))"
11,303.5508,"(v2 * ((q1 ^ 0.6239592) * (r ^ -1.4814612))) * 216.904"
15,182.31886,"(v2 * q2) * exp(((exp(r) ^ -0.533508) * (q1 ^ 0.051487256)) / 0.04469415)"
17,159.20306,"(v2 - -5.295265) * (q2 * exp((exp(r) ^ -0.53413844) * ((q1 ^ 0.051393185) / 0.04493923)))"
